era,channel,process,total,fail_msd_lt_thr,pass_msd_gt_thr,efficiency,efficiency_err,below_nonsentinel
Run3_2022,e,TT,77554.6,66473.3,11081.2,0.142883,0.000344641,0
Run3_2022,e,DY,17649.5,17473.2,176.249,0.00998606,0.000695924,0
Run3_2022,e,ST,10236.6,9442.02,794.579,0.0776214,0.00128063,0
Run3_2022,e,VV,3942.4,3893.87,48.5323,0.0123103,0.000230859,0
Run3_2022,e,W,202415,202036,378.271,0.00186879,0.000156483,0
Run3_2022,e,SingleHiggs,351.592,314.698,36.8938,0.104933,0.00650653,0
Run3_2022,e,Data_Full,327470,317064,10406,0.031777,0.000306519,0
Run3_2022,mu,TT,100776,91227.5,9548.23,0.0947473,0.00025507,0
Run3_2022,mu,DY,21259.9,21036.2,223.7,0.0105222,0.000751485,0
Run3_2022,mu,ST,13782.4,13101.2,681.199,0.0494253,0.000938434,0
Run3_2022,mu,VV,4984.02,4924.77,59.2419,0.0118864,0.000201156,0
Run3_2022,mu,W,255572,255101,470.511,0.00184101,0.000188738,0
Run3_2022,mu,SingleHiggs,456.117,419.768,36.3482,0.0796907,0.00524296,0
Run3_2022,mu,Data_Full,352552,343249,9303,0.0263876,0.000269949,0
Run3_2022,eE,TT,2080.33,2052.81,27.5221,0.0132297,0.00049702,0
Run3_2022,eE,DY,19379.8,19353.3,26.4546,0.00136506,0.00017233,0
Run3_2022,eE,ST,189.376,185.475,3.90088,0.0205987,0.00142949,0
Run3_2022,eE,VV,428.45,424.751,3.69811,0.00863137,0.000533186,0
Run3_2022,eE,W,31.9551,33.3985,-1.4434,-0.0451696,0,0
Run3_2022,eE,SingleHiggs,45.2424,43.0883,2.15404,0.0476112,0.011185,0
Run3_2022,eE,Data_Full,19786,19730,56,0.00283028,0.000377677,0
Run3_2022,eMu,TT,5143.36,5069.8,73.5584,0.0143016,0.00033572,0
Run3_2022,eMu,DY,362.98,362.335,0.645462,0.00177823,0.000875496,0
Run3_2022,eMu,ST,474.94,465.868,9.07237,0.0191021,0.00105657,0
Run3_2022,eMu,VV,280.324,279.974,0.350163,0.00124914,0.000282372,0
Run3_2022,eMu,W,46.3809,46.3809,0,0,0,0
Run3_2022,eMu,SingleHiggs,80.3864,78.4495,1.93691,0.024095,0.00630648,0
Run3_2022,eMu,Data_Full,6050,5993,57,0.00942149,0.00124201,0
Run3_2022,muMu,TT,3209.24,3165.41,43.8268,0.0136565,0.000414297,0
Run3_2022,muMu,DY,29839.9,29790,49.9323,0.00167334,0.000180069,0
Run3_2022,muMu,ST,298.847,293.727,5.11944,0.0171307,0.0012789,0
Run3_2022,muMu,VV,722.816,716.285,6.53171,0.00903647,0.000423079,0
Run3_2022,muMu,W,20.1116,20.1116,0,0,0,0
Run3_2022,muMu,SingleHiggs,71.3847,67.8058,3.57887,0.0501351,0.00808633,0
Run3_2022,muMu,Data_Full,30285,30193,92,0.00303781,0.000316232,0
Run3_2022EE,e,TT,236932,202602,34329.8,0.144893,0.000163463,0
Run3_2022EE,e,DY,54978,54412.5,565.537,0.0102866,0.000417955,0
Run3_2022EE,e,ST,31449.3,28995,2454.29,0.0780395,0.000714768,0
Run3_2022EE,e,VV,12354.8,12200.9,153.853,0.0124529,0.000130656,0
Run3_2022EE,e,W,631756,630583,1173.68,0.00185781,8.93419e-05,0
Run3_2022EE,e,SingleHiggs,1103.63,992.392,111.234,0.10079,0.00392319,0
Run3_2022EE,e,Data_Full,1.02443e+06,991385,33048,0.0322598,0.00017457,0
Run3_2022EE,mu,TT,320825,289767,31057.6,0.0968056,0.000119757,0
Run3_2022EE,mu,DY,66917.3,66314.4,602.895,0.00900955,0.000394378,0
Run3_2022EE,mu,ST,44253.5,42027.2,2226.35,0.0503089,0.000520606,0
Run3_2022EE,mu,VV,16263.6,16060.6,203.046,0.0124846,0.000115595,0
Run3_2022EE,mu,W,830058,828478,1579.51,0.0019029,7.97682e-05,0
Run3_2022EE,mu,SingleHiggs,1495.8,1365.66,130.142,0.0870052,0.00324061,0
Run3_2022EE,mu,Data_Full,1.16293e+06,1.13062e+06,32309,0.0277824,0.000152401,0
Run3_2022EE,eE,TT,6034,5947.92,86.0751,0.014265,0.000335692,0
Run3_2022EE,eE,DY,56712.4,56639.9,72.4657,0.00127777,9.7713e-05,0
Run3_2022EE,eE,ST,557.49,546.211,11.2783,0.0202306,0.000879023,0
Run3_2022EE,eE,VV,1283.28,1271.46,11.8222,0.00921249,0.000309063,0
Run3_2022EE,eE,W,115.257,113.717,1.53966,0.0133585,0.0150793,0
Run3_2022EE,eE,SingleHiggs,118.538,112.038,6.50025,0.0548369,0.00666189,0
Run3_2022EE,eE,Data_Full,56866,56645,221,0.00388633,0.000260914,0
Run3_2022EE,eMu,TT,14987.9,14769.6,218.366,0.0145695,0.000217315,0
Run3_2022EE,eMu,DY,1060.71,1058.89,1.81446,0.00171062,0.000633824,0
Run3_2022EE,eMu,ST,1396.23,1368.76,27.4702,0.0196745,0.000593816,0
Run3_2022EE,eMu,VV,835.405,834.332,1.07236,0.00128364,0.000157769,0
Run3_2022EE,eMu,W,129.023,128.618,0.405893,0.00314589,0.0088095,0
Run3_2022EE,eMu,SingleHiggs,228.996,224.288,4.70859,0.0205618,0.00346038,0
Run3_2022EE,eMu,Data_Full,17419,17161,258,0.0148114,0.000915264,0
Run3_2022EE,muMu,TT,9542.46,9401.36,141.107,0.0147873,0.000280367,0
Run3_2022EE,muMu,DY,90134.1,90017.2,116.895,0.0012969,9.02034e-05,0
Run3_2022EE,muMu,ST,894.567,876.867,17.7,0.0197861,0.00080627,0
Run3_2022EE,muMu,VV,2213.52,2193.27,20.246,0.00914654,0.000238263,0
Run3_2022EE,muMu,W,79.6643,81.1129,-1.44861,-0.0181839,0,0
Run3_2022EE,muMu,SingleHiggs,209.988,198.802,11.1862,0.0532708,0.00478658,0
Run3_2022EE,muMu,Data_Full,93097,92770,327,0.00351247,0.000193898,0
Run3_2023,e,TT,171471,147835,23636,0.137843,0.000218727,0
Run3_2023,e,DY,39134.6,38869.3,265.239,0.00677761,0.00047846,0
Run3_2023,e,ST,22601.8,20940.8,1661.02,0.0734904,0.0009642,0
Run3_2023,e,VV,9070.53,8965.13,105.397,0.0116197,0.000174944,0
Run3_2023,e,W,471330,470545,785.042,0.00166559,0.000117053,0
Run3_2023,e,SingleHiggs,798.682,722.086,76.5956,0.0959026,0.00445194,0
Run3_2023,e,Data_Full,742042,717896,24146,0.0325399,0.000205973,0
Run3_2023,mu,TT,226850,206548,20301.5,0.089493,0.000157614,0
Run3_2023,mu,DY,46637.6,46284.9,352.73,0.0075632,0.000526604,0
Run3_2023,mu,ST,31551.3,30061.2,1490.14,0.0472291,0.00070913,0
Run3_2023,mu,VV,11499.9,11364.3,135.583,0.01179,0.000156406,0
Run3_2023,mu,W,591585,590565,1020.6,0.0017252,0.00010579,0
Run3_2023,mu,SingleHiggs,1055.75,964.839,90.9155,0.0861143,0.0036913,0
Run3_2023,mu,Data_Full,843651,820464,23187,0.0274841,0.000177995,0
Run3_2023,eE,TT,4578.66,4522.9,55.7588,0.012178,0.000381299,0
Run3_2023,eE,DY,42858.8,42797.7,61.1097,0.00142584,0.000145315,0
Run3_2023,eE,ST,422.766,414.815,7.9511,0.0188073,0.0012946,0
Run3_2023,eE,VV,976.337,967.682,8.65529,0.00886506,0.000430064,0
Run3_2023,eE,W,60.8763,60.8763,0,0,0,0
Run3_2023,eE,SingleHiggs,93.1717,88.5559,4.6158,0.0495408,0.00781437,0
Run3_2023,eE,Data_Full,42235,42106,129,0.00305434,0.000268509,0
Run3_2023,eMu,TT,11582.5,11435.9,146.611,0.012658,0.000243876,0
Run3_2023,eMu,DY,867.092,865.206,1.88548,0.00217449,0.000811063,0
Run3_2023,eMu,ST,1053.34,1034.89,18.4539,0.0175194,0.000756523,0
Run3_2023,eMu,VV,647.01,646.393,0.616856,0.000953395,0.000186562,0
Run3_2023,eMu,W,141.853,143.642,-1.78954,-0.0126155,0,0
Run3_2023,eMu,SingleHiggs,183.446,180.133,3.31289,0.0180592,0.00393268,0
Run3_2023,eMu,Data_Full,13375,13227,148,0.0110654,0.000904526,0
Run3_2023,muMu,TT,7539.59,7441.2,98.386,0.0130493,0.000307149,0
Run3_2023,muMu,DY,67607.3,67525.6,81.6428,0.0012076,0.000124103,0
Run3_2023,muMu,ST,680.477,669.193,11.2841,0.0165826,0.000889397,0
Run3_2023,muMu,VV,1685,1670.82,14.1809,0.00841597,0.000317631,0
Run3_2023,muMu,W,28.3729,28.3729,0,0,0,0
Run3_2023,muMu,SingleHiggs,163.371,155.477,7.89419,0.0483207,0.00581554,0
Run3_2023,muMu,Data_Full,70505,70227,278,0.00394298,0.000236018,0
Run3_2023BPix,e,TT,91577,79210.3,12366.8,0.135042,0.000314844,0
Run3_2023BPix,e,DY,19765.3,19638.1,127.216,0.00643633,0.000693345,0
Run3_2023BPix,e,ST,12110.6,11249,861.667,0.0711496,0.00135215,0
Run3_2023BPix,e,VV,4760.3,4703.88,56.423,0.0118528,0.000250876,0
Run3_2023BPix,e,W,249488,249038,449.938,0.00180345,0.000169914,0
Run3_2023BPix,e,SingleHiggs,426.45,384.338,42.112,0.0987502,0.00604041,0
Run3_2023BPix,e,Data_Full,414703,401988,12715,0.0306605,0.000267707,0
Run3_2023BPix,mu,TT,122343,111595,10748.4,0.0878545,0.000225197,0
Run3_2023BPix,mu,DY,24023.3,23835.9,187.423,0.00780171,0.000749174,0
Run3_2023BPix,mu,ST,17010.3,16229.2,781.049,0.0459163,0.000980376,0
Run3_2023BPix,mu,VV,6083.82,6012.48,71.3331,0.0117251,0.000220168,0
Run3_2023BPix,mu,W,317849,317325,524.554,0.00165032,0.000143763,0
Run3_2023BPix,mu,SingleHiggs,562.336,517.341,44.9947,0.080014,0.00478634,0
Run3_2023BPix,mu,Data_Full,482875,470407,12468,0.0258203,0.000228236,0
Run3_2023BPix,eE,TT,2390.92,2362.51,28.4116,0.0118831,0.000530694,0
Run3_2023BPix,eE,DY,21472.3,21441.7,30.5143,0.0014211,0.000208013,0
Run3_2023BPix,eE,ST,219.779,216.113,3.66601,0.0166804,0.00176283,0
Run3_2023BPix,eE,VV,510.483,506.157,4.32614,0.00847459,0.000590491,0
Run3_2023BPix,eE,W,47.2661,47.2661,0,0,0,0
Run3_2023BPix,eE,SingleHiggs,52.3311,49.9466,2.38447,0.0455651,0.0111948,0
Run3_2023BPix,eE,Data_Full,22575,22517,58,0.00256921,0.000336921,0
Run3_2023BPix,eMu,TT,6173.38,6093.88,79.4921,0.0128766,0.000344593,0
Run3_2023BPix,eMu,DY,425.229,425.143,0.0862485,0.000202828,0.000363718,0
Run3_2023BPix,eMu,ST,561.339,551.744,9.59471,0.0170926,0.00104473,0
Run3_2023BPix,eMu,VV,337.955,337.637,0.318182,0.000941494,0.000262618,0
Run3_2023BPix,eMu,W,80.4172,80.4172,0,0,0,0
Run3_2023BPix,eMu,SingleHiggs,98.5852,96.5359,2.04929,0.020787,0.00562731,0
Run3_2023BPix,eMu,Data_Full,7384,7302,82,0.0111051,0.00121952,0
Run3_2023BPix,muMu,TT,4013.37,3962,51.3672,0.012799,0.000425946,0
Run3_2023BPix,muMu,DY,34200.4,34158.4,42.0865,0.00123058,0.000178198,0
Run3_2023BPix,muMu,ST,361.884,355.615,6.26938,0.0173243,0.0012636,0
Run3_2023BPix,muMu,VV,891.31,883.834,7.47651,0.00838823,0.000444229,0
Run3_2023BPix,muMu,W,33.8383,33.8383,0,0,0,0
Run3_2023BPix,muMu,SingleHiggs,89.7718,85.3741,4.39773,0.0489879,0.00725839,0
Run3_2023BPix,muMu,Data_Full,39730,39592,138,0.00347345,0.000295165,0
